Work Order No,Inspection Place
ICG10-001,THAILAND
ICG10-002,TIEN GIANG PROVINCE
ICG10-003,MALAYSIA
ICG10-004,THAILAND
ICG10-005,
ICG11-001,PT. UNIDO - INDONESIA
ICG11-002,MALAYSIA
ICG11-003,INDONESIA
ICG11-004,"AN LAC WH, BINH CHANH DIST., HCMC"
ICG11-005,INDONESIA
ICG11-006,INDONESIA
ICG11-007,INDONESIA
ICG11-008,INDONESIA
ICG11-009,INDONESIA
ICG11-010,"AN LAC WH, BINH CHANH DIST., HCMC"
ICG11-011,INDONESIA
ICG11-012,INDONESIA
ICG11-013,INDONESIA
ICG11-014,
ICG11-015,HOCHIMINH CITY
ICG11-016,HOCHIMINH CITY
ICG11-017,MALAYSIA
ICG11-018,INDONESIA
ICG11-019,INDONESIA
ICG11-020,THAILAND
ICG11-021,INDONESIA
ICG11-022,INDONESIA
ICG11-023,INDONESIA
ICG11-024,INDONESIA
ICG11-025,INDONESIA
ICG11-026,INDONESIA
ICG11-027,INDONESIA
ICG11-028,INDONESIA
ICG11-031,THAILAND
ICG11-032,"1/1 PHAM VAN THUAN, TAM HOP WARD, BIEN HOA"
ICG11-033,PT. PINDO - INDONESIA
ICG11-034,"PHUC YEN SHOES - PHUC YEN TOWN, VN"
ICG11-035,S.P.A COMPANY - THAILAND
ICG11-036,PT. UNIDO - INDONESIA
ICG11-037,JAPAN
ICG11-038,AN GIANG PROVINCE
ICG11-039,MALAYSIA
ICG11-040,MALAYSIA
ICG11-041,INDONESIA
ICG11-042,INDONESIA
ICG11-043,INDONESIA
ICG11-044,INDONESIA
ICG11-045,INDONESIA
ICG11-046,KIEN GIANG
ICG11-047,PINDO DELI MILL - INDONESIA
ICG11-048,INDONESIA
ICG11-049,INDONESIA
ICG11-050,INDONESIA
ICG11-051,INDONESIA
ICG11-052,INDONESIA
ICG11-053,INDONESIA
ICG11-054,INDONESIA
ICG11-055,INDONESIA
ICG11-056,INDONESIA
ICG11-057,CAN THO CITY
ICG11-058,MALAYSIA
ICG11-059,THAILAND
ICG11-060,THAILAND
ICG11-061,THAILAND
ICG11-062,INDONESIA
ICG11-063,MALAYSIA
ICG11-064,MALAYSIA
ICG11-065,THAILAND
ICG11-066,MALAYSIA
ICG11-067,
ICG11-068,
ICG11-069,THAILAND
ICG11-070,INDONESIA
ICG11-071,HA TAY - HA NOI
ICG11-072,THAILAND
ICG11-073,THAILAND
ICG11-074,MALAYSIA
ICG11-075,MALAYSIA
ICG11-076,HANOI CAPITAL
ICG11-077,BINH DUONG PROVINCE
ICG11-078,BINH DUONG PROVINCE
ICG11-079,DONG NAI & BINH DUONG
ICG11-080,
ICG11-081,HOCHIMINH CITY
ICG11-082,HOCHIMINH CITY
ICG11-083,HUNG YEN PROVINCE
ICG11-084,THAILAND
ICG11-085,THAILAND
ICG11-086,HANOI CAPITAL
ICG11-088,HANOI CAPITAL
ICG11-089,THAILAND
ICG11-090,HA NOI CAPITAL
ICG11-091,HANOI CAPITAL
ICG11-092,DONG NAI & BINH DUONG
ICG11-093,HA NOI CAPITAL
ICG11-094,HA NOI CAPITAL
ICG11-095,DONG NAI & BINH DUONG
ICG11-096,MALAYSIA
ICG11-097,THAILAND
ICG11-098,MALAYSIA
ICG11-099,MALAYSIA
ICG11-100,HA NOI CAPITAL
ICG11-101,DONG NAI & BINH DUONG
ICG11-102,DONG NAI & BINH DUONG
ICG11-103,MALAYSIA
ICG11-104,THAILAND
ICG11-105,
ICG11-106,DONG NAI & BINH DUONG
ICG11-107,DONG NAI & BINH DUONG
ICG11-108,MALAYSIA
ICG11-109,INDONESIA
ICG11-110,INDONESIA
ICG11-111,INDONESIA
ICG11-112,INDONESIA
ICG11-113,INDONESIA
ICG11-114,INDONESIA
ICG11-115,INDONESIA
ICG11-116,INDONESIA
ICG11-117,INDONESIA
ICG11-118,INDONESIA
ICG11-119,INDONESIA
ICG11-120,INDONESIA
ICG11-121,INDONESIA
ICG11-122,INDONESIA
ICG11-123,MALAYSIA
ICG11-124,INDONESIA
ICG11-125,"DIST. 2, HCMC"
ICG11-126,DONG NAI
ICG11-127,"BINH CHANH, HCMC"
ICG11-128,"BINH CHANH, HCM"
ICG11-129,DONG NAI
ICG11-130,BINH TAN DIST
ICG11-131,DONG NAI & BINH DUONG
ICG11-132,VUNG TAU & DONG NAI
ICG11-133,MALAYSIA
ICG11-134,MALAYSIA
ICG11-135,DONG THAP
ICG11-136,BINH DUONG PROVINCE
ICG11-137,INDONESIA
ICG11-138,DONG THAP
ICG11-139,BIINH DUONG
ICG11-140,THAILAND
ICG11-141,TAN BINH INDUSTRIAL PARK
ICG11-142,BINH TAN DIST
ICG11-143,"DONG NAI, BINH DUONG, VUNG TAU"
ICG11-144,"DONG NAI, BINH DUONG & VUNG TAU"
ICG11-145,BINH DUONG
ICG11-146,DONG NAI & VUNG TAU
ICG11-147,
ICG11-148,
ICG11-149,BINH TAN DIST
ICG11-150,TAN BINH INDUSTRIAL PARK
ICG11-151,BINH TAN DIST
ICG11-152,VINH LOC B INDUSTRIAL PARK
ICG11-153,
ICG11-154,
ICG11-155,MALAYSIA
ICG11-156,
ICG11-157,
ICG11-158,BIEN HOA IZ
ICG11-159,
ICG11-160,BIEN HOA INDUSTRIAL ZONE
ICG12-001,"BIEN HOA CITY, DONG NAI"
ICG12-002,BINH DUONG PROVINCE
ICG12-003,Binh Duong - Vietnam
ICG12-004,Dong Nai - Vietnam
ICG12-005,DONG NAI & VUNG TAU
ICG12-006,TAN BINH INDUSTRIAL PARK
ICG12-007,DONG NAI
ICG12-008,"DIST. 9, HCMC"
ICG12-009,HA TAY - HA NOI
ICG12-010,INDONESIA
ICG12-011,INDONESIA
ICG12-012,INDONESIA
ICG12-013,INDONESIA
ICG12-014,INDONESIA
ICG12-015,INDONESIA
ICG12-016,INDONESIA
ICG12-017,INDONESIA
ICG12-018,THAILAND
ICG12-019,"TAN PHU DIST, HCMC"
ICG12-020,DONG NAI & BINH DUONG
ICG12-021,DONG NAI & BINH DUONG
ICG12-022,AN GIANG PROVINCE
ICG12-023,BINH DUONG
ICG12-024,"TAN PHU DIST, HCMC"
ICG12-025,HCMC
ICG12-026,BIEN HOA INDUSTRIAL ZONE
ICG12-027,THAILAND
ICG12-028,HUNG YEN PROVINCE
ICG12-029,HANOI CAPITAL
ICG12-030,HANOI CAPITAL
ICG12-031,BINH DUONG
ICG12-032,BINH TAN DIST
ICG12-033,"DIST. 2, HCMC"
ICG12-034,"DIST. 2, HCMC"
ICG12-035,DONG NAI & VUNG TAU
ICG12-036,MALAYSIA
ICG12-037,THAILAND
ICG12-038,TAN BINH INDUSTRIAL PARK
ICG12-039,HUNG YEN PROVINCE
ICG12-040,DONG NAI & VUNG TAU
ICG12-041,DONG THAP
ICG12-042,BIEN HOA INDUSTRIAL ZONE
ICG12-043,BINH TAN DIST
ICG12-044,BINH DUONG
ICG12-045,HA NOI
ICG12-046,INDONESIA
ICG12-047,VINH LONG
ICG12-048,DONG NAI & VUNG TAU
ICG12-049,BINH DUONG
ICG12-050,HA NOI
ICG12-051,HAI PHONG CITY
ICG12-052,THAILAND
ICG12-053,INDONESIA
ICG12-054,VINH LONG PROVINCE
ICG12-055,"DONG NAI, BINH DUONG & VUNG TAU"
ICG12-056,BINH DUONG
ICG12-057,DONG NAI & BINH DUONG & VUNG TAU
ICG12-058,BINH DUONG
ICG12-059,KHANH HOA
ICG12-060,DISTRICT 11
ICG12-061,DISTRICT 9
ICG12-062,"DIST. 9, HCMC"
ICG12-063,BINH TAN DIST
ICG12-064,BINH HOA INDUSTRIAL ZONE
ICG12-065,DONG NAI & BINH DUONG
ICG12-066,BINH DUONG
ICG12-067,BINH DUONG
ICG12-068,BINH DUONG
ICG12-069,"DIST. 9, HCMC"
ICG12-070,BIEN HOA INDUSTRIAL ZONE
ICG12-071,"LONG THANH DIST, DONG NAI PROVINCE"
ICG12-072,"LONG THANH DIST, DONG NAI PROVINCE"
ICG12-073,BAC NINH PROVINCE
ICG12-074,INDONESIA
ICG12-075,VINH LONG
ICG12-076,"BINH CHANH, HCM"
ICG12-077,BIEN HOA INDUSTRIAL ZONE
ICG12-078,TAN BINH INDUSTRIAL PARK
ICG12-079,DONG NAI
ICG12-080,INDONESIA
ICG12-081,DIC COMPANY - QUANG NAM
ICG12-082,TAN BINH INDUSTRIAL PARK
ICG12-084,BIEN HOA INDUSTRIAL ZONE
ICG13-001,Y MY CERAMIC DONG NAI & BINH DUONG
ICG13-002,NET COMPANY - BIEN HOA
ICG13-003,VICO COMPANY LTD
ICG13-004,VICO COMPANY LTD
ICG13-005,Y MY CERAMIC DONG NAI & BINH DUONG
ICG13-006,NET COMPANY - BIEN HOA
ICG13-007,SENKO W/H
ICG13-008,
ICG13-009,PHVINHHUNG - HANOI
ICG13-010,"DOCIFISH CORP., DONG THAP PROVINCE"
ICG13-011,Y MY CERAMIC DONG NAI & BINH DUONG
ICG13-012,NET COMPANY - BIEN HOA
ICG13-013,HOCHIMINH CITY
ICG13-014,"DINH DU, VAN LANG, HUNG YEN"
ICG13-015,TAN HAN VUON COMPANY
ICG13-016,PT Indonesia Dwi Sembilan Jl.- INDONESIA
ICG13-017,VICO CO. LTD - HAI PHONG CITY
ICG13-018,ISABELA LEAF TOBACCO CO.-PHILIPPINE
ICG13-019,PHILIPPINE
ICG13-020,Y MY CERAMIC DONG NAI
ICG13-021,NET COMPANY - BIEN HOA
ICG13-022,SENKO COMPANY - HCMC
ICG13-023,TAN HAN VUON COMPANY
ICG13-024,CHOLIMEX-HCMC
ICG13-025,INDONESIA
ICG13-026,INDONESIA
ICG13-027,MALAYSIA
ICG13-028,THAILAND
ICG13-029,Y MY CERAMIC DONG NAI & BINH DUONG
ICG13-030,NET COMPANY - BIEN HOA
ICG13-031,INDONESIA
ICG13-032,PT. PINDO - INDONESIA
ICG13-033,MALAYSIA
ICG13-034,INDONESIA
ICG13-035,INDONESIA
ICG13-036,THAILAND
ICG13-037,PHILIPPINE
ICG13-038,NET COMPANY - BIEN HOA
ICG13-039,CÔNG TY NHỰA CHỢ LỚN - TP. HCM
ICG13-040,Y MY CERAMIC DONG NAI- BINH DUONG
ICG13-041,PHUVINHHUNG COMPANY - HATAY- HANOI
ICG13-042,INDONESIA
ICG13-043,MALAYSIA
ICG13-044,NET COMPANY - BIEN HOA
ICG13-045,CASUMINA- DONG NAI
ICG13-046,SENKO COMPANY - HCMC
ICG13-047,INDONESIA
ICG13-048,Y MY CERAMIC DONG NAI
ICG13-049,TRUNG NGUYEN COFFEE - BINH DUONG
ICG13-050,TAN HAN VUON COMPANY
ICG13-051,CHOLIMEX-HCMC
ICG13-052,GAU DO COMPANY - BINH DUONG
ICG13-053,"VINH HUNG, HOANG MAI, HANOI"
ICG13-054,TUAN VIET SHOES - DONG NAI
ICG13-055,Y MY CERAMIC DONG NAI
ICG13-056,HOCHIMINH CITY
ICG13-057,INDONESIA
ICG13-058,INDONESIA
ICG13-059,INDONESIA
ICG13-060,Indonesia
ICG13-061,INDONESIA
ICG13-062,INDONESIA
ICG13-063,INDONESIA
ICG13-064,NET COMPANY - BIEN HOA
ICG13-065,TAN HAN VUON COMPANY
ICG13-066,MALAYSIA
ICG13-067,"AN DONG, AN DUONG - HAIPHONG"
ICG13-068,TIEN GIANG PROVINCE
ICG13-069,Y MY CERAMIC - BINH DUONG
ICG13-070,KINH DO COMPANY - BINH DUONG
ICG13-071,LG ELECTRONICS - THAILAND
ICG13-072,"DINH DU, VAN LANG, HUNG YEN"
ICG13-073,Y MY CERAMIC - BINH DUONG & DONG NAI
ICG13-074,"AN DONG, AN DUONG - HAIPHONG"
ICG13-075,INDONESIA
ICG13-076,INDONESIA
ICG13-077,INDONESIA
ICG13-078,INDONESIA
ICG13-079,THAILAND
ICG13-080,PHUVINHHUNG COMPANY - HATAY- HANOI
ICG13-081,TAN HAN VUON COMPANY -  HCMC
ICG13-082,PHUVINHHUNG COMPANY - HATAY- HANOI
ICG13-083,Y MY CERAMIC - BINH DUONG & DONG NAI
ICG13-084,THAILAND
ICG13-085,PHUVINHHUNG COMPANY - HATAY- HANOI
ICG13-086,HOCHIMINH CITY
ICG13-087,HOCHIMINH CITY
ICG13-088,YEN VIEN - HANOI
ICG13-089,MALAYSIA
ICG13-090,Y MY CERAMIC - BINH DUONG
ICG13-091,TAN HAN VUON COMPANY
ICG13-092,SENKO COMPANY - HCMC
ICG13-093,TIEN GIANG PROVINCE
ICG13-094,MALAYSIA
ICG13-095,DONG LUC JSC - HANOI
ICG13-096,TAN HAN VUON COMPANY
ICG13-097,INDONESIA
ICG13-098,DAI NAM & VIET NGA COMPANY
ICG13-099,MALAYSIA
ICG13-100,PHUVINHHUNG COMPANY - HATAY- HANOI
ICG13-101,DAI NAM COMPANY
ICG13-102,KINH DO COMPANY - BINH DUONG
ICG13-103,Y MY CERAMIC - DONG NAI
ICG13-104,HANOI
ICG13-105,MALAYSIA
ICG13-106,"DINH DU, VAN LAM, HUNG YEN"
ICG13-107,VICO CO. LTD - HAI PHONG CITY
ICG13-108,INDONESIA
ICG13-109,Y MY CERAMIC - BINH DUONG
ICG13-110,LG ELECTRONICS - THAILAND
ICG13-111,"NGOC HA' STOCRAGE - TIEN GIANG PRONVICE, VIETNAM"
ICG13-112,Y MY CERAMIC - BINH DUONG
ICG13-113,Hochiminh City
ICG13-114,TAN GIA NGUYEN - HOCHIMINH CITY
ICG13-115,Y MY CERAMIC - BINH DUONG & DONG NAI
ICG13-116,TAN HAN VUON COMPANY
ICG13-117,LONG AN PROVINCE
ICG13-118,HO CHI MINH CITY
ICG13-119,Y MY CERAMIC - BINH DUONG
ICG13-120,INDONESIA
ICG13-121,INDONESIA
ICG13-122,INDONESIA
ICG13-123,INDONESIA
ICG13-124,INDONESIA
ICG13-125,MALAYSIA
ICG13-126,HAI PHONG CITY
ICG13-127,MALAYSIA
ICG13-128,HUNG YEN FOOTWEAR JSC - HUNG YEN PROVINCE
ICG13-129,HHFISH ( HAI HUONG SEAFOOD)
ICG13-130,Y MY CERAMIC - BINH DUONG
ICG13-131,KINH DO COMPANY - BINH DUONG
ICG13-132,TAN HAN VUON COMPANY
ICG13-133,PHUVINHHUNG COMPANY - HATAY- HANOI
ICG13-134,BAT TRANG CO. - HA NOI
ICG13-135,HAI HUONG SEAFOOD COMPANY - BEN TRE PROVINCE
ICG13-136,"NGOC HA' STOCRAGE - TIEN GIANG PRONVICE, VIETNAM"
ICG13-137,HIEP TRI DAT- LONG AN PROVINCE
ICG13-138,HOANG YEN COMPANY - HOCHIMINH CITY
ICG13-139,Y MY CERAMIC - BINH DUONG & DONG NAI
ICG13-140,MALAYSIA
ICG13-141,MALAYSIA
ICG13-142,Y MY CERAMIC - BINH DUONG & DONG NAI
ICG13-143,TRUNG NGUYEN COFFEE - BINH DUONG
ICG13-144,Y MY CERAMIC - DONG NAI
ICG13-145,TAN TAN CO.- BINH DUONG
ICG13-146,DAI HUNG PHAT COMPANY - HANOI
ICG13-147,"Y MY CERAMIC - BINH DUONG, DONG NAI PROVINCE"
ICG13-148,"NGOC HA' STOCRAGE - TIEN GIANG PRONVICE, VIETNAM"
ICG13-149,TAN HAN VUON COMPANY
ICG13-150,INDONESIA
ICG13-151,Y MY CERAMIC - BINH DUONG
ICG13-152,"VIETNAM CENTER POWER TECH.CO.,LTD"
ICG13-153,TAN HAN VUON COMPANY
ICG13-154,INDONESIA
ICG13-155,Y MY CERAMIC - BINH DUONG
ICG13-156,Indonesia
ICG13-157,VICO CO. LTD - HAI PHONG CITY
ICG13-158,THAI THINH SHOES CORP
ICG13-159,INDONESIA
ICG13-160,MALAYSIA
ICG13-161,VIGLACERA BINH DUONG SANITARY WARE COMPANY
ICG13-162,MALAYSIA
ICG13-163,CASUMINA- DONG NAI
ICG13-164,Y MY CERAMIC - BINH DUONG & DONG NAI
ICG13-165,Y MY CERAMIC - BINH DUONG & DONG NAI
ICG13-166,THAILAND
ICG13-167,"TOAN PHAT STORAGE - BINH CHANH DIST., HCMC"
ICG13-168,INDONESIA
ICG13-169,THAILAND
ICG13-170,HIEP TRI DAT- LONG AN PROVINCE
ICG13-171,Y MY CERAMIC - BINH DUONG & DONG NAI
ICG13-172,Y MY CERAMIC - DONG NAI
ICG13-173,RANG DONG PLASTIC - HCMC
ICG13-174,MALAYSIA
ICG13-175,HO CHI MINH CITY
ICG13-176,HO CHI MINH CITY
ICG13-177,THAILAND
ICG13-178,Y MY CERAMIC - BINH DUONG & DONG NAI
ICG13-179,Y MY CERAMIC - DONG NAI
ICG13-180,"BINH MINH CORP. - DONG ANH, HANOI"
ICG13-181,INDONESIA
ICG13-182,DAI HUNG PHAT COMPANY - HANOI
ICG13-183,Y My - Dong Nai
ICG13-184,Y MY CERAMIC - BINH DUONG & DONG NAI
ICG13-185,TANAMEXCO PORT - HOCHIMINH CITY
ICG13-186,VIGLACERA BINH DUONG SANITARY WARE COMPANY
ICG13-187,TAN HAN VUON COMPANY
ICG13-188,THAI BINH/ THAI THINH CO. - HCM CITY
ICG13-189,"VICONSHIP PORT- HAIPHONG CITY, VIETNAM"
ICG13-190,SAI GON COSMETIC FACTORY  - HOCHIMINH CITY
ICG13-191,Y MY CERAMIC - BINH DUONG & DONG NAI
ICG13-192,Y MY CERAMIC - BINH DUONG & DONG NAI
ICG13-193,Y MY CERAMIC - DONG NAI
ICG13-194,CASUMINA- DONG NAI
ICG13-195,LONG AN PROVINCE
ICG13-196,PHUVINHHUNG COMPANY - HATAY- HANOI
ICG13-197,MALAYSIA
ICG13-198,INDONESIA
ICG13-199,HO CHI MINH CITY
ICG13-200,PHUVINHHUNG COMPANY - HATAY- HANOI
ICG13-201,AN GIANG PROVINCE
ICG13-202,MALAYSIA
ICG13-203,MALAYSIA
ICG13-204,THAI THINH - HOCHI MINH CITY
ICG13-205,HO CHI MINH CITY
ICG14-001,HO CHI MINH CITY
ICG14-002,PHUVINHHUNG COMPANY - HATAY- HANOI
ICG14-003,HOANG YEN - HOCHIMINH CITY
ICG14-004,MALAYSIA
ICG14-005,THAILAND
ICG14-006,VICO CO. LTD - HAI PHONG CITY
ICG14-007,Y MY CERAMIC - BINH DUONG & DONG NAI
ICG14-008,Y My - Dong Nai
ICG14-009,Y MY CERAMIC - BINH DUONG & DONG NAI
ICG14-010,"ICC FACTORY, DONG AN I.P., BINH DUONG PROVINCE."
ICG14-011,TAN TIEN SENKO - HCMC
ICG14-012,NET COMPANY - BIEN HOA
ICG14-013,HAI PHONG CITY
ICG14-014,TUAN VIET SHOES - DONG NAI
ICG14-015,TRUONG PHAT - HUNG YEN
ICG14-016,HAI PHONG CITY
ICG14-017,BINH DUONG
ICG14-018,HO CHI MINH CITY
ICG14-019,DA NANG CITY
ICG14-020,INDONESIA
ICG14-021,NET COMPANY - BIEN HOA
ICG14-022,THAILAND
ICG14-023,INDONESIA
ICG14-024,NET COMPANY - BIEN HOA
ICG14-025,MAYLAYSIA
ICG14-026,CASUMINA- DONG NAI
ICG14-027,"VIGLACERA - VINH PHUC, BAC NINH & HAI DUONG"
ICG14-028,Y MY CERAMIC - BINH DUONG & DONG NAI
ICG14-029,"ICC FACTORY, DONG AN I.P., BINH DUONG PROVINCE."
ICG14-030,"ICC FACTORY, DONG AN I.P., BINH DUONG PROVINCE."
ICG14-031,MALAYSIA
ICG14-032,Y MY CERAMIC - BINH DUONG
ICG14-033,SENKO COMPANY - HCMC
ICG14-034,VICO CO. LTD - HAI PHONG CITY
ICG14-035,DA NANG CITY
ICG14-036,TAN HAN VUON COMPANY
ICG14-037,NET COMPANY - BIEN HOA
ICG14-038,Y MY - DONG NAI
ICG14-039,NET COMPANY - BIEN HOA
ICG14-040,TAN HAN VUON COMPANY
ICG14-041,MALAYSIA
ICG14-042,Y MY CERAMIC - BINH DUONG & DONG NAI
ICG14-043,PHUVINHHUNG COMPANY - HATAY- HANOI
ICG14-044,LONG AN PROVINCE
ICG14-045,MALAYSIA
ICG14-046,THAILAND
ICG14-047,NET COMPANY - BIEN HOA
ICG14-048,DA NANG FACTORY
ICG14-049,MALAYSIA
ICG14-050,MALAYSIA
ICG14-051,HANOI
ICG14-052,Y My - Dong Nai & BINH DUONG
ICG14-053,THAILAND
ICG14-054,VICO CO. LTD - HAI PHONG CITY
ICG14-055,VICO CO. LTD - HAI PHONG CITY
ICG14-056,SENKO COMPANY - HCMC
ICG14-057,GAU DO COMPANY - BINH DUONG
ICG14-058,NET COMPANY - BIEN HOA
ICG14-059,MALAYSIA
ICG14-060,MALAYSIA
ICG14-061,Y My - Dong Nai & BINH DUONG
ICG14-062,LONG AN PROVINCE
ICG14-063,"ICC FACTORY, DONG AN I.P., BINH DUONG PROVINCE."
ICG14-064,MALAYSIA
ICG14-065,MALAYSIA
ICG14-066,THAILAND
ICG14-067,THAILAND
ICG14-068,THAILAND
ICG14-069,LG ELECTRONICS VIETNAM CO. - HUNG YEN
ICG14-070,Y MY CERAMIC - BINH DUONG & DONG NAI
ICG14-071,DA NANG CITY
ICG14-072,VICO CO. LTD - HAI PHONG CITY
ICG14-073,VICO CO. LTD - HAI PHONG CITY
ICG14-074,THAILAND
ICG14-075,LONG AN PROVINCE
ICG14-076,KEVIN VIETNAM POWER CABLE CO.
ICG14-077,SENKO COMPANY - HCMC
ICG14-078,HO CHI MINH CITY
ICG14-079,NET COMPANY - BIEN HOA
ICG14-080,LIEN THANH PHAT COMPANY
ICG14-081,HUNG  YEN PROVINCE
ICG14-082,"ICC FACTORY, DONG AN I.P., BINH DUONG PROVINCE."
ICG14-083,INDONESIA
ICG14-084,Y MY CERAMIC - BINH DUONG & DONG NAI
ICG14-085,MALAYSIA
ICG14-086,"VIGLACERA - VINH PHUC, BAC NINH & HAI DUONG"
ICG14-087,THAILAND
ICG14-088,NET COMPANY - BIEN HOA
ICG14-089,THAILAND
ICG14-090,NHAT LINH CO. - HA NOI
ICG14-091,
ICG14-092,HO CHI MINH CITY
ICG14-093,
ICG14-094,VICO CO. LTD - HAI PHONG CITY
ICG14-095,VICO CO. LTD - HAI PHONG CITY
ICG14-096,VICO CO. LTD - HAI PHONG CITY
ICG14-097,MALAYSIA
ICG14-098,HO CHI MINH CITY
ICG14-099,TAN HAN VUON COMPANY
ICG14-100,SAI GON COSMETIC FACTORY  - HOCHIMINH CITY
ICG14-101,"BINH MINH CORP. - DONG ANH, HANOI"
ICG14-102,Y My - Dong Nai
ICG14-103,MALAYSIA
ICG14-104,MALAYSIA
ICG14-105,THAILAND
ICG14-106,THAILAND
ICG14-107,Y My - Dong Nai & BINH DUONG
ICG14-108,THAILAND
ICG14-109,VICO CO. LTD - HAI PHONG CITY
ICG14-110,HOANG YEN - HOCHIMINH CITY
ICG14-111,DONG NAI
ICG14-112,NET COMPANY - BIEN HOA
ICG14-113,THAILAND
ICG14-114,PHUVINHHUNG COMPANY - HATAY- HANOI
ICG14-115,MALAYSIA
ICG14-116,INDONESIA
ICG14-117,Y My - Dong Nai & BINH DUONG
ICG14-118,VICO CO. LTD - HAI PHONG CITY
ICG14-119,VICO CO. LTD - HAI PHONG CITY
ICG14-120,VICO CO. LTD - HAI PHONG CITY
ICG14-121,
ICG14-122,"VIGLACERA - VINH PHUC, BAC NINH & HAI DUONG"
ICG14-123,MALAYSIA
ICG14-124,VICO CO. LTD - HAI PHONG CITY
ICG14-125,MALAYSIA
ICG14-126,LG ELECTRONICS VIETNAM CO. - HUNG YEN
ICG14-127,VINAMILK
ICG14-128,DA NANG
ICG14-129,HOANG YEN - HOCHIMINH CITY
ICG14-130,GAI GON PAPER - BINH DUONG
ICG14-131,Y My - Dong Nai & BINH DUONG
ICG14-132,THAILAND
ICG14-133,THAILAND
ICG14-134,TAN HAN VUON COMPANY
ICG14-135,LONG AN PROVINCE
ICG14-136,"ICC FACTORY, DONG AN I.P., BINH DUONG PROVINCE."
ICG14-137,
ICG14-138,NET COMPANY - BIEN HOA
ICG14-139,THAILAND
ICG14-140,LONG AN PROVINCE
ICG14-141,MALAYSIA
ICG14-142,MALAYSIA
ICG14-143,MALAYSIA
ICG14-144,Y MY - BINH DUONG
ICG14-145,SAI GON PAPER - BINH DUONG
ICG14-146,"ICC FACTORY, DONG AN I.P., BINH DUONG PROVINCE."
ICG14-147,MALAYSIA
ICG14-148,"DINH DU, VAN LAM, HUNG YEN"
ICG14-149,"ICC FACTORY, DONG AN I.P., BINH DUONG PROVINCE."
ICG14-150,INDONESIA
ICG14-151,Y MY - BINH DUONG
ICG14-152,"ICC FACTORY, DONG AN I.P., BINH DUONG PROVINCE."
ICG14-153,DA NANG
ICG14-154,VINAMILK
ICG14-155,"THU DUC DISTRICT, HCMC"
ICG14-156,CHO LON PLASTIC - HOCHIMINH
ICG14-157,THAILAND
ICG14-158,THAILAND
ICG14-159,MALAYSIA
ICG14-160,VICO CO. LTD - HAI PHONG CITY
ICG14-161,Y MY -  DONG NAI
ICG14-162,HAI PHONG CITY
ICG14-163,HAI PHONG CITY
ICG14-164,Y MY - BINH DUONG
ICG14-165,NET CO. - DONG NAI
ICG14-166,INDONESIA
ICG14-167,INDONESIA
ICG14-168,INDONESIA
ICG14-169,INDONESIA
ICG14-170,INDONESIA
ICG14-171,HOCHIMINH CITY
ICG14-172,Y MY -  DONG NAI & BINH DUONG
ICG14-173,LONG AN PROVINCE
ICG14-174,
ICG14-175,HOANG YEN - HOCHIMINH CITY
ICG14-176,LONG AN PROVINCE
ICG14-177,INDONESIA
ICG14-178,HAI PHONG CITY
ICG14-179,HAI PHONG CITY
ICG14-180,Y MY -  BINH DUONG
ICG14-181,DA NANG
ICG14-182,HA NOI
ICG14-183,INDONESIA
ICG14-184,PHUVINHHUNG COMPANY - HATAY- HANOI
ICG14-185,INDONESIA
ICG14-186,INDONESIA
ICG14-187,INDONESIA
ICG14-188,INDONESIA
ICG14-189,INDONESIA
ICG14-190,INDONESIA
ICG14-191,NET CO. - DONG NAI
ICG14-192,MALAYSIA
ICG14-193,SAI GON PAPER - VUNG TAU
ICG14-194,Y MY - BINH DUONG
ICG14-195,HAI PHONG CITY
ICG14-196,VICO CO. LTD - HAI PHONG CITY
ICG14-197,THAILAND
ICG14-198,HIEP TRI DAT- LONG AN PROVINCE
ICG14-199,MALAYSIA
ICG14-200,SAI GON COSMETIC FACTORY  - HOCHIMINH CITY
ICG14-201,Y MY -  DONG NAI & BINH DUONG
ICG14-202,THUONG DINH FOOTWEAR - HA NOI
ICG14-203,THAILAND
ICG14-204,MALAYSIA
ICG14-205,MALAYSIA
ICG14-206,NHAT LINH - HA NOI
ICG14-207,INDONESIA
ICG14-208,INDONESIA
ICG14-209,Y MY -  BINH DUONG & DONG NAI
ICG14-210,DANG NANG CITY
ICG14-211,Y MY -  DONG NAI
ICG14-212,"ICC FACTORY, DONG AN I.P., BINH DUONG PROVINCE."
ICG14-213,HO CHI MINH CITY
ICG14-214,INDONESIA
ICG14-215,HAI PHONG CITY
ICG14-216,VICO CO. LTD - HAI PHONG CITY
ICG14-217,HAIPHONG
ICG14-218,HO CHI MINH CITY
ICG14-219,MALAYSIA
ICG14-220,NET CO. - DONG NAI
ICG14-221,MALAYSIA
ICG14-222,HO CHI MINH CITY
ICG14-223,HOCHIMINH CITY
ICG14-224,INDONESIA
ICG14-225,Y MY -  BINH DUONG & DONG NAI
ICG14-226,INDONESIA
ICG14-227,"VIGLACERA - VINH PHUC, BAC NINH & HAI DUONG"
ICG14-228,
ICG14-229,DONG NAI
ICG14-230,HASA SEAFOOD (HASACO) - CAN THO PROVINCE
ICG14-231,DONG NAI
ICG14-232,MALAYSIA
ICG14-233,BINH DUONG & TANAMEXCO
ICG14-234,THAILAND
ICG14-235,BINH DUONG
ICG14-236,HUNG YEN
ICG14-237,MALAYSIA
ICG14-238,INDONESIA
ICG14-239,Y MY -  BINH DUONG & DONG NAI
ICG14-240,INDONESIA
ICG14-241,DONG NAI
ICG14-242,VICO CO. LTD - HAI PHONG CITY
ICG14-243,CAN THO CITY
ICG14-244,HA NOI - THAI BINH
ICG14-245,Y MY -  BINH DUONG & DONG NAI
ICG14-246,NET CO. - DONG NAI
ICG14-247,HO CHI MINH CITY
ICG14-248,LONG AN PROVINCE
ICG14-249,HO CHI MINH CITY
ICG14-250,INDONESIA
ICG14-251,HANOI
ICG14-252,HO CHI MINH CITY
ICG14-253,MALAYSIA
ICG14-254,HAIPHONG
ICG14-255,MALAYSIA
ICG14-256,INDONESIA
ICG14-257,INDONESIA
ICG14-258,INDONESIA
ICG14-259,HO CHI MINH CITY
ICG14-260,Y MY -  BINH DUONG
ICG14-261,INDONESIA
ICG14-262,HOC CHI MINH CITY
ICG14-263,THAILAND
ICG14-264,INDONESIA
ICG14-265,INDONESIA
ICG14-266,HO CHI MINH CITY
ICG14-267,DONG NAI
ICG14-268,BINH DUONG
ICG14-269,HAI PHONG CITY
ICG14-270,MALAYSIA
ICG14-271,DA NANG
ICG14-272,HANOI
ICG14-273,Y MY -  BINH DUONG & DONG NAI
ICG14-274,HOC CHI MINH CITY
ICG14-275,DONG NAI
ICG14-276,MALAYSIA
ICG14-277,THAILAND
ICG14-278,INDONESIA
ICG14-279,INDONESIA
ICG14-280,HAI PHONG CITY
ICG14-281,HA NOI
ICG14-282,INDONESIA
ICG14-283,HO CHI MINH CITY
ICG14-284,Dong Nai
ICG14-285,HANOI
ICG14-286,THAILAND
ICG14-287,HANOI
ICG14-288,HO CHI MINH CITY
ICG14-289,HO CHI MINH CITY
ICG14-290,HO CHI MINH CITY
ICG14-291,MALAYSIA
ICG14-292,HANOI
ICG14-293,CAN THO CITY
ICG14-294,HOCHIMINH CITY
ICG14-295,HOCHIMINH CITY
ICG14-296,HOCHIMINH CITY
ICG14-297,
ICG14-298,HOCHIMINH CITY
ICG15-001,BINH DUONG
ICG15-002,THAILAND
ICG15-003,THAILAND
ICG15-004,HANOI
ICG15-005,HOCHIMINH CITY
ICG15-006,LONG AN PROVINCE
ICG15-007,BINH DUONG
ICG15-008,INDONESIA
ICG15-009,HANOI
ICG15-010,HOCHIMINH CITY
ICG15-011,LONG AN PROVINCE
ICG15-012,HAIPHONG
ICG15-013,MALAYSIA
ICG15-014,INDONESIA
ICG15-015,DONG NAI
ICG15-016,BINH DUONG & TANAMEXCO
ICG15-017,THAILAND
ICG15-018,MALAYSIA
ICG15-019,HCM
ICG15-020,HCM
ICG15-021,DONG NAI
ICG15-022,THAILAND
ICG15-023,DONG NAI
ICG15-024,HCM
ICG15-025,HO CHI MINH CITY
ICG15-026,BINH DUONG & DONG NAI
ICG15-027,MALAYSIA
ICG15-028,DA NANG
ICG15-029,DONG NAI
ICG15-030,HOCHIMINH CITY
ICG15-031,MALAYSIA
ICG15-032,MALAYSIA
ICG15-033,DONG NAI
ICG15-034,HO CHI MINH CITY
ICG15-035,HUNG YEN
ICG15-036,INDONESIA
ICG15-037,MALAYSIA
ICG15-038,HANOI
ICG15-039,DONG NAI
ICG15-040,LONGAN & HCMC
ICG15-041,THAILAND
ICG15-042,THAILAND
ICG15-043,INDONESIA
ICG15-044,MALAYSIA
ICG15-045,THAILAND
ICG15-046,Bac Ninh - Viet nam
ICG15-047,HAIPHONG
ICG15-048,HO CHI MINH CITY
ICG15-049,MALAYSIA
ICG15-050,Da Nang
ICG15-051,MALAYSIA
ICG15-052,HAIPHONG
ICG15-053,
ICG15-054,hanoi - thai binh
ICG15-055,HO CHI MINH CITY
ICG15-056,HCMC
ICG15-057,Y MY -  BINH DUONG & DONG NAI
ICG15-058,DONG NAI
ICG15-059,HUNG YEN
ICG15-060,HO CHI MINH CITY
ICG15-061,THAILAND
ICG15-062,HANOI
ICG15-063,Y MY -  BINH DUONG & DONG NAI
ICG15-064,HOC CHI MINH CITY
ICG15-065,DONG NAI
ICG15-066,HO CHI MINH CITY
ICG15-067,HO CHI MINH CITY
ICG15-068,INDONESIA
ICG15-069,INDONESIA
ICG15-070,Y MY -  BINH DUONG & DONG NAI
ICG15-071,NET CO. - DONG NAI
ICG15-072,INDONESIA
ICG15-073,MALAYSIA
ICG15-074,MALAYSIA
ICG15-075,INDONESIA
ICG15-076,BINH DUONG
ICG15-077,HCMC
ICG15-078,THAILAND
ICG15-079,HOC CHI MINH CITY
ICG15-080,Y MY -  BINH DUONG
ICG15-081,DONG NAI
ICG15-082,THAILAND
ICG15-083,DONG NAI
ICG15-084,INDONESIA
ICG15-085,MALAYSIA
ICG15-086,Y MY -  BINH DUONG & DONG NAI
ICG15-087,TAN HAN VUON COMPANY
ICG15-088,MALAYSIA
ICG15-089,MALAYSIA
ICG15-090,DONG NAI
ICG15-091,THAILAND
ICG15-092,
ICG15-093,BINH DUONG & DONG NAI
ICG15-094,LONGAN & HCMC
ICG15-095,INDONESIA
ICG15-096,DONG NAI
ICG15-097,DONG NAI & BINH DUONG
ICG15-098,NET CO. - DONG NAI
ICG15-099,HOCHIMINH CITY
ICG15-100,HOCHIMINH CITY
ICG15-101,VUNG TAU
ICG15-102,INDONESIA
ICG15-103,MALAYSIA
ICG15-104,INDONESIA
ICG15-105,HAIPHONG
ICG15-106,VUNGTAU
ICG15-107,HAIPHONG
ICG15-108,INDONESIA
ICG15-109,THAILAND
ICG15-110,INDONESIA
ICG15-111,HANOI
ICG15-112,HANOI
ICG15-113,HO CHI MINH CITY
ICG15-114,BINHDUONG & DONG NAI
ICG15-115,DIONG NAI
ICG15-116,HAIPHONG
ICG15-117,THAILAND
ICG15-118,
ICG15-119,
ICG15-120,
ICG15-121,
ICG15-122,
ICG15-123,
ICG15-124,
ICG15-125,
ICG15-126,
ICG15-127,
ICG15-128,
ICG15-129,
ICG15-130,
ICG15-131,
ICG15-132,
ICG15-133,
ICG15-134,
ICG15-135,
ICG15-136,
ICG15-137,
ICG15-138,
ICG15-139,
ICG15-140,
ICG15-141,
ICG15-142,
ICG15-143,
ICG15-144,
ICG15-145,
ICG15-146,
ICG15-147,
ICG15-148,
ICG15-149,
ICG15-150,
ICG15-151,
ICG15-152,
ICG15-153,
ICG15-154,
ICG15-155,
ICG15-156,
ICG15-157,
ICG15-158,
ICG15-159,
ICG15-160,
ICG15-161,
ICG15-162,
ICG15-163,
ICG15-164,
ICG15-165,
ICG15-166,
ICG15-167,
ICG15-168,
ICG15-169,
ICG15-170,
ICG15-171,
ICG15-172,
ICG15-173,
ICG15-174,
ICG15-175,
ICG15-176,
ICG15-177,
ICG15-178,
ICG15-179,
ICG15-180,
ICG15-181,
ICG15-182,
ICG15-183,
ICG15-184,
ICG15-185,
ICG15-186,
ICG15-187,
ICG15-188,
ICG15-189,
ICG15-190,
ICG15-191,
ICG15-192,
ICG15-193,
ICG15-194,
ICG15-195,
ICG15-196,
ICG15-197,
ICG15-198,
ICG15-199,
ICG15-200,
ICG15-201,
ICG15-202,
ICG15-203,
ICG15-204,
ICG15-205,
ICG15-206,
ICG15-207,
ICG15-208,
ICG15-209,
ICG15-210,
ICG15-211,
ICG15-212,
ICG15-213,
ICG15-214,
ICG15-215,
ICG15-216,
ICG15-217,
ICG15-218,
ICG15-219,
ICG15-220,
ICG15-221,
ICG15-222,
ICG15-223,
ICG15-224,
ICG15-225,
ICG15-226,
ICG15-227,
ICG15-228,
ICG15-229,
ICG15-230,
ICG15-231,
ICG15-232,
ICG15-233,
ICG15-234,
ICG15-235,
ICG15-236,
ICG15-237,
ICG15-238,
ICG15-239,
ICG15-240,
ICG15-241,
ICG15-242,
ICG15-243,
ICG15-244,
ICG15-245,
ICG15-246,
ICG15-247,
ICG15-248,
ICG15-249,
ICG15-250,
ICG15-251,
ICG15-252,
ICG15-253,
ICG15-254,
ICG15-255,
ICG15-256,
ICG15-257,
ICG15-258,
ICG15-259,
ICG15-260,
ICG15-261,
ICG15-262,
ICG15-263,
ICG15-264,
ICG15-265,
ICG15-266,
ICG15-267,
ICG15-268,
ICG15-269,
ICG15-270,
ICG15-271,
ICG15-272,
ICG15-273,
ICG15-274,
ICG15-275,
ICG15-276,
ICG15-277,
ICG15-278,
ICG15-279,
ICG15-280,
ICG15-281,
ICG15-282,
ICG15-283,
ICG15-284,
ICG15-285,
ICG15-286,
ICG15-287,
ICG15-288,
ICG15-289,
ICG15-290,
ICG15-291,
ICG15-292,
ICG15-293,
ICG15-294,
ICG15-295,
ICG15-296,
ICG15-297,
ICG15-298,
ICG15-299,
ICG15-300,
ICG15-301,
ICG15-302,
ICG15-303,
ICG15-304,
ICG15-305,
ICG15-306,
ICG15-307,
ICG15-308,
ICG15-309,
ICG15-310,
ICG15-311,
ICG15-312,
ICG15-313,
ICG15-314,
ICG15-315,
ICG15-316,
ICG15-317,
ICG15-318,
ICG15-319,
ICG15-320,
ICG15-321,
ICG15-322,
ICG15-323,
ICG15-324,
ICG15-325,
ICG15-326,
ICG15-327,
ICG15-328,
ICG15-329,
ICG15-330,
ICG15-331,
ICG15-332,
ICG15-333,
ICG15-334,
ICG15-335,
ICG15-336,
ICG15-337,
ICG15-338,
ICG15-339,
ICG15-340,
ICG15-341,
ICG15-342,
ICG15-343,
ICG15-344,
ICG15-345,
ICG15-346,
ICG16-001,
ICG16-002,
ICG16-003,
ICG16-004,
ICG16-005,
ICG16-006,
ICG16-007,
ICG16-008,
ICG16-009,
ICG16-010,
ICG16-011,
ICG16-012,
ICG16-013,
ICG16-014,
ICG16-015,
ICG16-016,
ICG16-017,
ICG16-018,
ICG16-019,
ICG16-020,
ICG16-021,
ICG16-022,
ICG16-023,
ICG16-024,
ICG16-025,
ICG16-026,
ICG16-027,
ICG16-028,
ICG16-029,
ICG16-030,
ICG16-031,
ICG16-032,
ICG16-033,
ICG16-034,
ICG16-035,
ICG16-036,
ICG16-037,
ICG16-038,
ICG16-039,
ICG16-040,
ICG16-041,
ICG16-042,
ICG16-043,
ICG16-044,
ICG16-045,
ICG16-046,
ICG16-047,
ICG16-048,
ICG16-049,
ICG16-050,
ICG16-051,
ICG16-052,
ICG16-053,
ICG16-054,
ICG16-055,
ICG16-056,VUNG TAU
ICG16-057,
ICG16-058,
ICG16-059,
ICG16-060,HAI PHONG CITY
ICG16-061,
ICG16-062,
ICG16-063,
ICG16-064,
ICG16-065,
ICG16-066,
ICG16-067,BAC NINH
ICG16-068,TAN BINH INDUSTRIAL PARK
ICG16-069,HCMC
ICG16-070,DONG NAI & BINH DUONG
ICG16-071,DONG NAI PROVINCE
ICG16-072,HCMC
ICG16-073,Malaysia
ICG16-074,THAILAND
ICG16-075,HA NOI
ICG16-076,HCM
ICG16-077,DONG NAI & BINH DUONG
ICG16-078,
ICG16-079,HUNG YEN
ICG16-080,HCMC
ICG16-081,INDONESIA
ICG16-082,
ICG16-083,HA NOI & THAI BINH
ICG16-084,HCMC
ICG16-085,HCMC
ICG16-086,DAKLAK
ICG16-087,INDONESIA
ICG16-088,
ICG16-089,BINH DUONG
ICG16-090,HCM
ICG16-091,
ICG16-092,
ICG16-093,
ICG16-094,
ICG16-095,
ICG16-096,
ICG16-097,
ICG16-098,
ICG16-099,
ICG16-100,
ICG16-101,
ICG16-102,
ICG16-103,
ICG16-104,
ICG16-105,
ICG16-106,
ICG16-107,
ICG16-108,
ICG16-109,
ICG16-110,
ICG16-111,
ICG16-112,
ICG16-113,
ICG16-114,
ICG16-115,
ICG16-116,
ICG16-117,
ICG16-118,
ICG16-119,
ICG16-120,
ICG16-121,
ICG16-122,
ICG16-123,
ICG16-124,
ICG16-125,
ICG16-126,
ICG16-127,
ICG16-128,
ICG16-129,
ICG16-130,
ICG16-131,
ICG16-132,
ICG16-133,
ICG16-134,
ICG16-135,
ICG16-136,
ICG16-137,
ICG16-138,
ICG16-139,
ICG16-140,
ICG16-141,
ICG16-142,
ICG16-143,
ICG16-144,
ICG16-145,
ICG16-146,
ICG16-147,
ICG16-148,
ICG16-149,
ICG16-150,
ICG16-151,
ICG16-152,
ICG16-153,
ICG16-154,
ICG16-155,
ICG16-156,
ICG16-157,
ICG16-158,
ICG16-159,
ICG16-160,
ICG16-161,
ICG16-162,
ICG16-163,
ICG16-164,
ICG16-165,
ICG16-166,
ICG16-167,
ICG16-168,
ICG16-169,
ICG16-170,
ICG16-171,
ICG16-172,
ICG16-173,
ICG16-174,
ICG16-175,
ICG16-176,
ICG16-177,
ICG16-178,
ICG16-179,
ICG16-180,
ICG16-181,
ICG16-182,
ICG16-183,
ICG16-184,
ICG16-185,
ICG16-186,
ICG16-187,
ICG16-188,
ICG16-189,
ICG16-190,
ICG16-191,
ICG16-192,
ICG16-193,
ICG16-194,
ICG16-195,
ICG16-196,
ICG16-197,
ICG16-198,
ICG16-199,
ICG16-200,
ICG16-201,
ICG16-202,
ICG16-203,
ICG16-204,
ICG16-205,
ICG16-206,
ICG16-207,
ICG16-208,
ICG16-209,
ICG16-210,
ICG16-211,
ICG16-212,
ICG16-213,
ICG16-214,
ICG16-215,
ICG16-216,
ICG16-217,
ICG16-218,
ICG16-219,
ICG16-220,
ICG16-221,
ICG16-222,
ICG16-223,
ICG16-224,
ICG16-225,
ICG16-226,
ICG16-227,
ICG16-228,
ICG16-229,
ICG16-230,
ICG16-231,
ICG16-232,
ICG16-233,
ICG16-234,
ICG16-235,
ICG16-236,
ICG16-237,
ICG16-238,
ICG16-239,
ICG16-240,
ICG16-241,
ICG16-242,
ICG16-243,
ICG16-244,
ICG16-245,
ICG16-246,
ICG16-247,
ICG16-248,
ICG16-249,
ICG16-250,
ICG16-251,
ICG17-001,
ICG17-002,
ICG17-003,
ICG17-004,
ICG17-005,
ICG17-006,
ICG17-007,
ICG17-008,
ICG17-009,
ICG17-010,
ICG17-011,
ICG17-012,
ICG17-013,
ICG17-014,
ICG17-015,
ICG17-016,
ICG17-017,
ICG17-018,
ICG17-019,
ICG17-020,
ICG17-021,
ICG17-022,
ICG17-023,
ICG17-024,
ICG17-025,
ICG17-026,
ICG17-027,
ICG17-028,
ICG17-029,
ICG17-030,
ICG17-031,
ICG17-032,
ICG17-033,
ICG17-034,
ICG17-035,
ICG17-036,
ICG17-037,
ICG17-038,
ICG17-039,
ICG17-040,
ICG17-041,
ICG17-042,
ICG17-043,
ICG17-044,
ICG17-045,
ICG17-046,
ICG17-047,
ICG17-048,
ICG17-049,
ICG17-050,
ICG17-051,
ICG17-052,
ICG17-053,
ICG17-054,
ICG17-055,VIETNAM
ICG17-056,
ICG17-057,
ICG17-058,
ICG17-059,
ICG17-060,
ICG17-061,
ICG17-062,
ICG17-063,
ICG17-064,
ICG17-065,
ICG17-066,
ICG17-067,
ICG17-068,
ICG17-069,
ICG17-070,
ICG17-071,
ICG17-072,
ICG17-073,
ICG17-074,
ICG17-075,
ICG17-076,
ICG17-077,
ICG17-078,
ICG17-079,
ICG17-080,
ICG17-081,
ICG17-082,
ICG17-083,
ICG17-084,
ICG17-085,
ICG17-086,
ICG17-087,
ICG17-088,
ICG17-089,
ICG17-090,
ICG17-091,
ICG17-092,
ICG17-093,
ICG17-094,
ICG17-095,
ICG17-096,
ICG17-097,
ICG17-098,
ICG17-099,
ICG17-100,
ICG17-101,
ICG17-102,
ICG17-103,
ICG17-104,
ICG17-105,
ICG17-106,
ICG17-107,
ICG17-108,
ICG17-109,
ICG17-110,
ICG17-111,
ICG17-112,
ICG17-113,
ICG17-114,
ICG17-115,HA NOI & HAI PHONG
ICG17-116,
ICG17-117,
ICG17-118,
ICG17-119,
ICG17-120,
ICG17-121,
ICG17-122,
ICG17-123,
ICG17-124,
ICG17-125,
ICG17-126,
ICG17-127,THAILAND
ICG17-128,
ICG17-129,
ICG17-130,
ICG17-131,
ICG17-132,
ICG17-133,
ICG17-134,
ICG17-135,
ICG17-136,
ICG17-137,
ICG17-138,
ICG17-139,
ICG17-140,
ICG17-141,
ICG17-142,
ICG17-143,
ICG17-144,
ICG18-001,
ICG18-002,
ICG18-003,
ICG18-004,
ICG18-005,
ICG18-006,
ICG18-007,
ICG18-008,
ICG18-009,
ICG18-010,
ICG18-011,
ICG18-012,
ICG18-013,
ICG18-014,
ICG18-015,
ICG18-016,
ICG18-017,
ICG18-018,
ICG18-019,
ICG18-020,
ICG18-021,
ICG18-022,
ICG18-023,
ICG18-024,
ICG18-025,
ICG18-026,
ICG18-027,
ICG18-028,
ICG18-029,
ICG18-030,
ICG18-031,
ICG18-032,
ICG18-033,
ICG18-034,
ICG18-035,
ICG18-036,
ICG18-037,
ICG18-038,
ICG18-039,
ICG18-040,
ICG18-041,
ICG18-042,
ICG18-043,
ICG18-044,
ICG18-045,
ICG18-046,
ICG18-047,
ICG18-048,
ICG18-049,
ICG18-050,
ICG18-051,
ICG18-052,
ICG18-053,
ICG18-054,
ICG18-055,
ICG18-056,
ICG18-057,
ICG18-058,
ICG18-059,
ICG18-060,
ICG18-061,
ICG18-062,
ICG18-063,
ICG18-064,
ICG18-065,
ICG18-066,
ICG18-067,
ICG18-068,
ICG18-069,
ICG18-070,
ICG18-071,
ICG18-072,
ICG18-073,
ICG18-074,
ICG18-075,
ICG18-076,
ICG18-077,
ICG18-078,
ICG18-079,
ICG18-080,
ICG18-081,
ICG18-082,
ICG18-083,
ICG18-084,
ICG18-085,
ICG18-086,
ICG18-087,
ICG18-088,
ICG18-089,
ICG18-090,
ICG18-091,
ICG18-092,HAIPHONG
ICG18-093,INDONESIA
ICG18-094,MALAYSIA
ICG18-095,
ICG18-096,HUNG  YEN PROVINCE
ICG18-097,THAILAND
ICG18-098,THAILAND
ICG18-099,DONG NAI
ICG18-100,BINH DUONG
ICG18-101,HCM
ICG18-102,THAILAND
ICG18-103,HCM
ICG18-104,INDONESIA
ICG18-105,HUNG YEN
ICG18-106,THAILAND
ICG18-107,THAILAND
ICG18-108,THAILAND
ICG18-109,THAILAND
ICG18-110,THAILAND
ICG18-111,HUNG  YEN PROVINCE
ICG18-112,BINH DUONG
ICG18-113,THAILAND
ICG18-114,THAILAND
ICG18-115,HAIPHONG
ICG18-116,HUNG  YEN PROVINCE
ICG18-117,THAILAND
ICG18-118,THAILAND
ICG18-119,THAILAND
ICG18-120,DONG NAI
ICG18-121,HOCHIMINH CITY
ICG18-122,HUNG  YEN PROVINCE
ICG18-123,BINH DUONG
ICG18-124,HUNG YEN
ICG18-125,MALAYSIA
ICG18-126,BINH DUONG
ICG18-127,INDONESIA
ICG18-128,INDONESIA
ICG18-129,BINH DUONG
ICG18-130,MALAYSIA
ICG18-131,HAI PHONG CITY
ICG18-132,HAI PHONG CITY
ICG18-134,"LONG BIEN, HA NOI"
ICG18-136,BINH DUONG
ICG18-137,THAILAND
ICG18-138,THAILAND
ICG19-001,MALAYSIA
ICG19-002,INDONESIA
ICG19-003,BINH DUONG
ICG19-004,HAI PHONG
ICG19-005,THAILAND
ICG19-006,THAILAND
ICG19-007,BINH DUONG
ICG19-008,BINH DUONG
ICG19-009,THAILAND
ICG19-010,HCMC
ICG19-011,BINH DUONG
ICG19-012,THAILAND
ICG19-013,THAILAND
ICG19-014,BINH DUONG
ICG19-015,HUNG  YEN PROVINCE
ICG19-016,HUNG  YEN PROVINCE
ICG19-017,HCMC
ICG19-018,MALAYSIA
ICG19-019,HUNG  YEN PROVINCE
ICG19-020,MALAYSIA
ICG19-021,THAILAND
ICG19-022,THAILAND
ICG19-023,HAI PHONG
ICG19-024,MALAYSIA
ICG19-025,INDONESIA
ICG19-026,HAI PHONG
ICG19-027,MALAYSIA
ICG19-028,BINH DUONG
ICG19-029,MALAYSIA
ICG19-030,MALAYSIA
ICG19-031,MALAYSIA
ICG19-032,THAILAND
ICG19-033,INDONESIA
ICG19-034,HUNG  YEN PROVINCE
ICG19-035,MALAYSIA
ICG19-036,HCMC
ICG19-037,MALAYSIA
ICG19-038,HUNG  YEN PROVINCE
ICG19-039,HUNG  YEN PROVINCE
ICG19-040,HAI PHONG
ICG19-041,VIETNNAM
ICG19-042,HCMC
ICG19-043,THAILAND
ICG19-044,MALAYSIA
ICG19-045,Malaysia
ICG19-046,HCMC
ICG19-047,HCMC
ICG19-048,INDONESIA
ICG19-049,THAILAND
ICG19-050,Hưng Yên
ICG19-051,THAILAND
ICG19-052,THAILAND
ICG19-053,THAILAND
ICG19-054,THAILAND
ICG19-055,HAI PHONG
ICG19-056,HCM
ICG19-057,MALAYSIA
ICG19-058,HCM
ICG19-059,THAILAND
ICG19-060,Hưng Yên
ICG19-061,THAILAND
ICG19-062,HAI PHONG
ICG19-063,MALAYSIA
ICG19-064,MALAYSIA
ICG19-065,MALAYSIA
ICG19-067,
ICG19-068,THAILAND
ICG19-069,BAC NINH
ICG19-070,Hưng Yên
ICG19-071,HCMC
ICG19-072,HUNG  YEN PROVINCE
ICG19-073,THAILAND
ICG19-074,THAILAND
ICG19-075,HUNG  YEN PROVINCE
ICG19-076,HUNG  YEN PROVINCE
ICG19-077,HCM
ICG19-078,BINH DUONG
ICG19-079,MALAYSIA
ICG19-080,THAILAND
ICG19-081,Hưng Yên
ICG19-082,Hưng Yên
ICG19-083,Hưng Yên
ICG19-084,MALAYSIA
ICG19-085,INDONESIA
ICG19-086,Hưng Yên
ICG19-087,THAILAND
ICG19-088,HAI PHONG
ICG19-090,INDONESIA
ICG19-091,INDONESIA
ICG19-092,CASUMINA-HOC MON
ICG19-093,MALAYSIA
ICG19-094,Hưng Yên
ICG19-095,Hưng Yên
ICG19-096,MALAYSIA
ICG19-097,THAILAND
ICG19-098,BINH DUONG
ICG19-099,HUNG YEN
ICG19-100,INDONESIA
ICG19-101,THAILAND
ICG19-102,THAILAND
ICG19-103,
ICG19-104,HAI PHONG
ICG19-105,INDONESIA
ICG19-106,MALAYSIA
ICG19-107,BINH DUONG
ICG19-108,
ICG19-109,
ICG19-110,
ICG19-111,
ICG19-112,MALAYSIA
ICG19-113,VIETNAM
ICG19-113B,VN
ICG19-114,
ICG19-115,THAILAND
ICG19-116,
ICG19-117,HUNG YEN
ICG19-118,MALAYSIA
ICG19-119,HAI PHONG
ICG19-120,INDONESIA
ICG19-121,INDONESIA
ICG19-122,INDONESIA
ICG19-123,INDONESIA
ICG19-124,THAILAND
ICG19-125,THAILAND
ICG19-126,BINH DUONG
ICG19-127,THAILAND
ICG19-128,VIETNAM
ICG19-129,VIETNAM
ICG19-130,INDONESIA
ICG19-131,MALAYSIA
ICG19-132,MALAYSIA
ICG19-133,THAILAND
ICG19-134,VIETNAM
ICG19-135,"DISTRICT 9, HCMC, VIETNAM"
ICG19-136,"HAIPHONG, VIETNAM"
ICG19-137,"HCMC, VIETNAM"
ICG19-138,"DISTRICT 9, HCMC, VN"
ICG19-139,"DISTRICT 9, HCMC, VN"
ICG19-140,"HUNG YEN, VN"
ICG19-141,"HAI PHONG, VN"
ICG19-142,THAILAND
ICG19-142B,THAILAND
ICG19-143,MALAYSIA
ICG19-143A,IP: MALAYSIA
ICG19-144,THAILAND
ICG19-145,BINH DUONG
ICG19-146,HANOI
ICG19-146A,VN
ICG19-147,INDONESIA
ICG19-148,INDONESIA
ICG19-149,"HCMC, VN"
ICG19-150,MALAYSIA
ICG19-151,VN
ICG19-152,
ICG19-153,VN
ICG19-154,
ICG19-155,
ICG19-156,
ICG19-157,CHINA
ICG19-158,
ICG19-159,
ICG19-160,"HCMC, VN"
ICG19-161,"HN, VN"
ICG19-162,MALAYSIA
ICG19-163,VN
ICG19-164,MALAYSIA
ICG19-164B,IP: MALAYSIA
ICG19-165,VN
ICG19-166,
ICG19-167,
ICG19-168,IP: VIETNAM
ICG19-169,IP: INDONESIA
ICG19-170,MALAYSIA
ICG19-171,
ICG19-172,HUNG YEN
ICG19-173,MALAYSIA
ICG19-174,INDONESIA
ICG19-175,INDONESIA
ICG20-001,INDONESIA
ICG20-002,MALAYSIA
ICG20-003,VN
ICG20-004,MALAYSIA
ICG20-004B,MALAYSIA
ICG20-005,IP: MALAYSIA
ICG20-006,MALAYSIA
ICG20-007,MALAYSIA
ICG20-008,VN
ICG20-009,THAILAND
ICG20-010,IP: INDONESIA
ICG20-011,ip: VN
ICG20-012,HANOI
ICG20-013,HCMC
ICG20-014,INDONESIA
ICG20-015,INDONESIA
ICG20-016,INDONESIA
ICG20-017,MALAYSIA
ICG20-018,hp
ICG20-019,THAILAND
ICG20-020,INDONESIA
ICG20-021,
ICG20-022,INDONESIA
ICG20-023,INDONESIA
ICG20-024,INDONESIA
ICG20-025,INDONESIA
ICG20-026,INDONESIA
ICG20-027,INDONESIA
ICG20-028,MALAYSIA
ICG20-029,MALAYSIA
ICG20-030,HUNG  YEN PROVINCE
ICG20-031,MALAYSIA
ICG20-032,IP: INDONESIA
ICG20-033,MALAYSIA
ICG20-034,HUNG  YEN PROVINCE
ICG20-035,MALAYSIA
ICG20-036,HUNG  YEN PROVINCE
ICG20-037,IP: HUNG YEN
ICG20-038,IP: MALAYSIA
ICG20-039,MALAYSIA
ICG20-040,INDONESIA
ICG20-041,
ICG20-042,IP:MALAYSIA
ICG20-043,MALAYSIA
ICG20-044,MALAYSIA
ICG20-045,MALAYSIA
ICG20-046,IP: MALAYSIA
ICG20-047,MALAYSIA
ICG20-048,INDONESIA
ICG20-049,IP: MALAYSIA
ICG20-050,MALAYSIA
ICG20-051,
ICG20-052,Indonesia
ICG20-053,INDONESIA
ICG20-054,
ICG21-001,
ICG21-002,INDONESIA
ICG21-003,
ICG21-004,INDONESIA
ICG21-005,
ICG21-006,INDONESIA
ICG21-008,
ICG21-009B,
ICG21-010,INDOENSIA
ICG21-011,
ICG21-012,
ICG21-013,
ICG21-014B,
ICG21-015,
ICG21-016,
ICG21-017,
ICG21-018,
ICG21-019,
ICG21-020,
ICG21-021,
ICG21-022,
ICG21-023,
ICG21-024,
ICG21-025,
ICG21-026,
ICG21-027,
ICG21-028,
ICG21-029,
ICG21-030,
ICG21-031,
ICG21-032,
ICG21-033,
ICG21-034,
ICG21-035,
ICG21-036,
ICG21-037,
ICG21-037B,
ICG21-038,HUNG  YEN PROVINCE
ICG21-039,
ICG21-040,
ICG21-041,
ICG21-042,
ICG21-043,
ICG21-044,
ICG21-045,
ICG21-046,
ICG21-047,
ICG21-048,
ICG21-049,
ICG21-050,
ICG21-051,
ICG21-052,
ICG21-053,
ICG21-054,
ICG21-055,
ICG21-056,
ICG21-057,
ICG21-058,
ICG21-059,
ICG21-060,
ICG21-061,
ICG21-062,
ICG21-063,
ICG21-064,
ICG21-065,
ICG21-066,
ICG21-067,
ICG21-068,
ICG21-069,
ICG21-070,
ICG21-071,
ICG21-072,
ICG21-073,
ICG21-074,
ICG21-075,
ICG21-076,
ICG21-077,
ICG21-078,
ICG21-079,
ICG21-080,
ICG21-081B,
ICG21-082,
ICG21-083,
ICG21-084,
ICG21-085,
ICG21-086,
ICG21-087,
ICG21-088,
ICG21-089,
ICG21-090,
ICG22-001,
ICG22-002,
ICG22-003,
ICG22-004,
ICG22-005,
ICG22-006,
ICG22-007,
ICG22-008,
ICG22-009,
ICG22-010,
ICG22-011,
ICG22-012,
ICG22-013,MALAYSIA
ICG22-014,INDOENSIA
ICG22-015,
ICG22-016,MALAYSIA
ICG22-017,HA NAM PROVINCE
ICG22-018,
ICG22-019,HA NAM PROVINCE
ICG22-020,HA NAM PROVINCE
ICG22-021,
ICG22-022,
ICG22-023,MALAYSIA
ICG23-001,
ICG23-002,INDOENSIA
ICG23-003,INDOENSIA
ICG23-004,
ICG23-005,INDOENSIA
ICG23-006,INDONESIA
ICG23-007,
ICG23-008,INDONESIA
ICG23-009,
ICG23-010,
ICG23-011,INDOENSIA
ICG23-012,INDOENSIA
ICG23-013,INDOENSIA
ICG23-014,
ICG23-015,
ICG23-016,
ICG23-017,MALAYSIA
ICG23-018,INDOENSIA
ICG23-019,
ICG23-020,
ICG23-021,INDOENSIA
ICG23-022,HA NOI
ICG23-023,MALAYSIA
ICG23-024,
ICG23-025,
ICG23-026,
ICG24-001,
ICG24-002,
ICG24-003,
ICG24-004,
ICG24-005,
ICG24-006,HA NOI
ICG24-007,INDOENSIA
ICG24-008,
ICG24-009,
ICG24-010,THAILAND
ICG24-011,
ICG24-012,INDONESIA
ICG24-013,
ICG24-014,
ICG24-015,INDOENSIA
ICG24-016,
ICG24-017,
ICG24-018,
ICG24-020,
ICG24-021,
ICG24-022,
ICG24-023,
ICG24-024,
ICG24-025,
ICG24-026,
ICG24-027,
ICG24-028,
ICG24-029,
ICG24-030,
ICG24-031,
ICG24-032,
ICG24-033,
ICG24-034,
ICG24-035,
ICG24-037,
ICG24-038,
LCG10-001,HUE CITY
LCG10-044,NGOC ANH COMPANY - HUE CITY
LCG10-045,NGOC ANH COMPANY - HUE CITY
LCG10-046,NGOC ANH COMPANY - HUE CITY
LCG11-001,"HANOI, VIET TRI CITY & HANAM PROVINCE"
LCG11-002,DONG NAI PROVINCE
LCG11-003,NGOC ANH COMPANY - HUE CITY
LCG11-004,HUE CITY
LCG11-005,NGOC ANH COMPANY - HUE CITY
LCG11-006,NGOC ANH COMPANY - HUE CITY
LCG11-007,NGOC ANH COMPANY - HUE CITY
LCG11-008,NGOC ANH COMPANY - HUE CITY
LCG11-009,NGOC ANH COMPANY - HUE CITY
LCG11-010,HUE CITY
LCG11-011,HUE CITY
LCG11-012,DONG NAI
LCG11-013,HUE CITY
LCG11-014,HOCHIMINH CITY
LCG11-015,DONG NAI
LCG11-016,
LCG11-017,HUE CITY
LCG11-018,HUE CITY
LCG11-019,DONG NAI
LCG11-020,DONG NAI
LCG11-021,HUE CITY
LCG11-022,HUE CITY
LCG11-023,
LCG11-024,HA NOI CAPITAL
LCG11-025,HANOI CAPITAL
LCG11-026,"HOANG MAI, HA NOI"
LCG11-027,"HOANG MAI, HA NOI"
LCG11-028,HA NOI
LCG11-029,HUE CITY
LCG11-030,HUE CITY
LCG12-001,HUE CITY
LCG12-002,HUE CITY
LCG12-003,DONG NAI
LCG12-004,HUE CITY
LCG12-005,HUE CITY
LCG12-006,HANOI CAPITAL
LCG12-007,HUE CITY
LCG12-008,HUE CITY
LCG12-009,HUE CITY
LCG12-010,HUE CITY
LCG12-011,HUE CITY
LCG12-012,NGOC ANH COMPANY - HUE CITY
LCG12-013,NGOC ANH COMPANY - HUE CITY
LCG12-014,NGOC ANH COMPANY - HUE CITY
LCG12-015,NGOC ANH COMPANY - HUE CITY
LCG12-016,HUE CITY
LCG12-017,NGOC ANH COMPANY - HUE CITY
LCG12-018,HANOI CAPITAL
LCG12-051,
LCG13-001,AN PHU SEAFOOD CORPRATION
LCG13-002,AN PHU SEAFOOD CORPRATION
LCG13-003,"LIOA Electric Nhu Quynh, Van Lam, Hung yen"
LCG13-004,NGOC ANH COMPANY - HUE CITY
LCG13-005,NGOC ANH COMPANY - BIEN HOA DONG NAI
LCG13-006,NGOC ANH COMPANY - HUE CITY
LCG13-007,"VINH HUNG, HOANG MAI, HANOI"
LCG13-008,NGOC ANH W/H - HUE
LCG13-009,Warehouse
LCG13-010,NGOC ANH COMPANY - HUE CITY
LCG13-011,"LIOA Electric Nhu Quynh, Van Lam, Hung yen"
LCG13-012,NGOC ANH COMPANY - HUE CITY
LCG13-013,NGOC ANH COMPANY - HUE CITY
LCG13-014,NGOC ANH COMPANY - HUE CITY
LCG13-015,DONG LUC JSC - HANOI
LCG13-016,BAC HAI COMPANY - HAIDUONG
LCG13-017,DAI NAM & VIET NGA COMPANY
LCG13-018,NGOC ANH COMPANY - HUE CITY
LCG13-019,AN PHU SEAFOOD CORPRATION - LONG AN
LCG13-020,DAI NAM COMPANY
LCG13-021,"DINH DU, VAN LAM, HUNG YEN"
LCG13-022,NGOC ANH COMPANY - HUE CITY
LCG13-023,"DINH DU, VAN LAM, HUNG YEN"
LCG13-024,NGOC ANH COMPANY - HUE CITY
LCG13-025,TRUNG QUOC
LCG13-026,"116 HA HUY TAP, YEN VIEN, GIA LAM, HANOI"
LCG13-027,NGOC ANH - DONG NAI PROVINCE
LCG13-028,NGOC ANH COMPANY - HUE CITY
LCG13-029,NGOC ANH COMPANY - HUE CITY
LCG13-030,NGOC ANH - HUE CITY
LCG13-031,NGOC ANH - DONG NAI PROVINCE
LCG13-032,NGOC ANH COMPANY
LCG13-033,"NHAT LINH CO., - HOANGMAI, HANOI"
LCG13-034,NGOC ANH - HUE CITY
LCG13-035,NGOC ANH - HUE CITY
LCG13-036,AN PHU SEAFOOD CORPRATION
LCG13-037,VIGLACERA BINH DUONG SANITARY WARE COMPANY
LCG13-038,DAI HUU JOINT STOCK COMPANY - HANOI
LCG13-039,AN PHU SEAFOOD CORPRATION
LCG13-040,DAI HUU JOINT STOCK COMPANY - HANOI
LCG13-041,DAI HUU JOINT STOCK COMPANY - HANOI
LCG13-042,FOODINCO JOINSTOCK CO. - DA NANG
LCG13-043,AN PHU SEAFOOD CORPRATION - DONG THAP PROVINCE
LCG13-044,DAI HUU JOINT STOCK COMPANY - HANOI
LCG13-045,DAI HUU JOINT STOCK COMPANY - HANOI
LCG13-046,"THAI ANH CO. - CU CHI DIST, HOCHIMINH CITY"
LCG13-047,TANAMEXCO PORT - HOCHIMINH CITY
LCG13-048,PHU QUY WAREHOUSE - HOCHIMINH CITY
LCG13-049,VIGLACERA BINH DUONG SANITARY WARE COMPANY
LCG13-050,NGOC ANH - DONG NAI PROVINCE
LCG13-051,NGOC ANH - HUE CITY
LCG13-052,"DINH DU, VAN LAM, HUNG YEN"
LCG14-001,NGOC ANH - HUE CITY
LCG14-002,VIGLACERA BINH DUONG SANITARY WARE COMPANY
LCG14-003,NGOC ANH COMPANY
LCG14-004,THAI BINH COMPANY - HANOI
LCG14-005,DA NANG CITY
LCG14-006,BAC HAI COMPANY - HAIDUONG
LCG14-007,NGOC ANH - HUE CITY
LCG14-008,THAI BINH COMPANY IN HANOI CITY
LCG14-009,NGOC ANH - HUE CITY
LCG14-010,NGOC ANH - DONG NAI PROVINCE
LCG14-011,"NHAT LINH CO., - HOANGMAI, HANOI"
LCG14-012,SONG KING - HOCHIMINH
LCG14-013,NGOC ANH - DONG NAI PROVINCE
LCG14-014,NHAT LINH CO. - HA NOI
LCG14-015,NGOC ANH - DONG NAI PROVINCE
LCG14-016,SONG KING - HOCHIMINH
LCG14-017,NGOC ANH - HUE CITY
LCG14-018,NGOC ANH - DONG NAI PROVINCE
LCG14-019,VIGLACERA BINH DUONG SANITARY WARE COMPANY
LCG14-020,NGOC ANH - DONG NAI PROVINCE
LCG14-021,NGOC ANH - DONG NAI PROVINCE
LCG14-022,NHAT LINH CO. - HA NOI
LCG14-023,NGOC ANH - DONG NAI PROVINCE
LCG14-024,NGOC ANH - HUE CITY
LCG14-025,THANG LONG FACTORY
LCG14-026,KEVIN VIETNAM POWER CABLE CO.
LCG14-027,"VINH HUNG, HOANG MAI, HANOI"
LCG14-028,NHAT LINH CO. - HA NOI
LCG14-029,HANOI RUBBER JOINT STOCK CO.
LCG14-030,KEVIN VIETNAM POWER CABLE CO.
LCG14-031,Y My - Dong Nai & BINH DUONG
LCG14-032,"VINH HUNG, HOANG MAI, HANOI"
LCG14-033,DONG LUC JSC - HANOI
LCG14-034,HANOI RUBBER JOINT STOCK CO.
LCG14-035,RANG DONG - HANOI
LCG14-036,Y MY - BINH DUONG
LCG14-037,KEVIN VIETNAM POWER CABLE CO.
LCG14-038,HANOI RUBBER JOINT STOCK CO.
LCG14-039,DONG LUC JSC - HANOI
LCG14-040,THANG LONG FACTORY
LCG14-041,NHAT LINH - HA NOI
LCG14-042,VIGLACERA BINH DUONG SANITARY WARE COMPANY
LCG14-043,NGOC ANH - HUE CITY
LCG14-044,NHAT LINH - HA NOI
LCG14-045,DONG LUC JSC - HANOI
LCG14-046,RANG DONG - HANOI
LCG14-047,
LCG14-048,Y MY -  DONG NAI
LCG14-049,VINH THINH WAREHOUSE - HOCHIMINH
LCG14-050,HA NOI
LCG14-051,NHAT LINH - HA NOI
LCG14-052,NHAT LINH - HA NOI
LCG14-053,BINH DUONG
LCG14-054,DONG NAI
LCG14-055,HAI PHONG CITY
LCG14-056,HANOI
LCG14-057,HUNG YEN PROVINCE
LCG14-058,BINH DUONG
LCG14-059,Y MY -  BINH DUONG
LCG14-060,Y MY -  DONG NAI
LCG14-061,HAIPHONG
LCG14-062,Y MY -  BINH DUONG
LCG14-063,HANOI
LCG14-064,HA NOI
LCG14-065,VINH THINH WAREHOUSE - HOCHIMINH
LCG14-066,HANOI
LCG14-067,
LCG15-001,HANOI
LCG15-002,VUNGTAU
LCG15-003,LONG AN PROVINCE
LCG15-004,
LCG15-005,
LCG15-006,
LCG15-007,VUNG TAU
LCG15-008,HUNG  YEN PROVINCE
LCG15-009,LONG AN PROVINCE
LCG15-010,HAIPHONG
LCG15-011,HANOI
LCG15-012,LONG AN PROVINCE
LCG15-013,LONG AN PROVINCE
LCG15-014,VUNG TAU
LCG15-015,HANOI
LCG15-016,HUNG  YEN PROVINCE
LCG15-017,HANOI
LCG15-018,HANOI
LCG15-019,HUNG  YEN PROVINCE & HAIPHONG
LCG15-020,HUE CITY
LCG15-021,HANOI
LCG15-022,HANOI
LCG15-023,BAC NINH
LCG15-024,
LCG15-025,
LCG15-026,
LCG15-027,
LCG15-028,
LCG15-029,
LCG15-030,
LCG15-031,
LCG15-032,
LCG15-033,
LCG15-034,
LCG15-035,
LCG15-036,
LCG15-037,
LCG15-038,
LCG15-039,
LCG15-040,
LCG15-041,
LCG15-042,
LCG15-043,
LCG15-044,
LCG15-045,
LCG15-046,
LCG15-047,
LCG15-048,
LCG15-049,
LCG15-050,
LCG16-001,
LCG16-002,
LCG16-003,
LCG16-004,
LCG16-005,
LCG16-006,
LCG16-007,
LCG16-008,
LCG16-009,
LCG16-010,
LCG16-011,
LCG16-012,
LCG16-013,BINH DUONG
LCG16-014,
LCG16-015,
LCG16-016,
LCG16-017,DONG NAI
LCG16-018,
LCG16-019,DONG THAP
LCG16-020,HO CHI MINH CITY
LCG16-021,HOCHIMINH CITY
LCG16-022,HA NOI CAPITAL
LCG16-023,HA NOI CAPITAL
LCG16-024,DONG NAI
LCG16-025,
LCG16-026,
LCG16-027,
LCG16-028,
LCG16-029,
LCG16-030,
LCG16-031,
LCG16-032,
LCG16-033,
LCG16-034,
LCG16-035,
LCG16-036,
LCG16-037,
LCG16-038,
LCG16-039,
LCG16-040,
LCG16-041,
LCG16-042,
LCG16-043,
LCG16-044,
LCG16-045,
LCG16-046,
LCG16-047,
LCG16-048,
LCG16-049,
LCG16-050,
LCG16-051,
LCG16-052,
LCG16-053,
LCG16-054,
LCG16-055,
LCG16-056,
LCG16-057,
LCG16-058,
LCG16-059,
LCG16-060,
LCG16-061,
LCG16-062,
LCG16-063,
LCG16-064,
LCG16-065,
LCG16-066,
LCG16-067,
LCG16-068,
LCG17-001,
LCG17-002,
LCG17-003,
LCG17-004,
LCG17-005,
LCG17-006,
LCG17-007,
LCG17-008,
LCG17-009,
LCG17-010,
LCG17-011,
LCG17-012,
LCG17-013,
LCG17-014,
LCG17-015,
LCG17-016,
LCG17-017,
LCG17-018,
LCG17-019,
LCG17-020,
LCG17-021,
LCG17-022,
LCG17-023,
LCG17-024,
LCG17-025,
LCG17-026,
LCG17-027,
LCG17-028,
LCG17-029,
LCG17-030,
LCG17-031,
LCG17-032,
LCG17-033,
LCG17-034,
LCG17-035,
LCG17-036,
LCG17-037,
LCG17-038,
LCG17-039,
LCG17-040,
LCG17-041,
LCG17-042,
LCG17-043,
LCG17-044,
LCG17-045,
LCG17-046,
LCG17-047,
LCG17-048,
LCG17-049,
LCG17-050,
LCG17-051,
LCG17-052,
LCG17-053,
LCG17-054,
LCG17-055,
LCG17-056,
LCG17-057,
LCG17-058,
LCG17-059,
LCG17-060,
LCG17-061,
LCG17-062,
LCG17-063,
LCG17-064,
LCG17-065,
LCG17-066,
LCG17-067,
LCG17-068,
LCG17-069,
LCG17-070,
LCG17-071,
LCG17-072,
LCG17-073,
LCG17-074,
LCG17-075,
LCG17-076,
LCG17-077,
LCG17-078,
LCG17-079,
LCG17-080,
LCG17-081,
LCG17-082,
LCG17-083,
LCG17-084,
LCG17-085,
LCG17-086,
LCG17-087,
LCG17-088,
LCG17-089,
LCG17-090,
LCG17-091,
LCG17-092,
LCG17-093,
LCG17-094,
LCG17-095,
LCG17-096,
LCG17-097,
LCG17-098,
LCG17-099,
LCG17-100,
LCG17-101,
LCG17-102,
LCG17-103,
LCG17-104,
LCG17-105,
LCG17-106,
LCG17-107,
LCG17-108,
LCG17-109,
LCG17-110,
LCG17-111,
LCG17-112,
LCG17-113,
LCG17-114,
LCG17-115,
LCG17-116,
LCG17-117,
LCG17-118,
LCG17-119,
LCG17-120,
LCG17-121,
LCG17-122,HUNG YEN
LCG17-123,HA NOI
LCG17-124,HA NOI
LCG17-125,
LCG17-126,
LCG17-127,
LCG17-128,
LCG17-129,
LCG17-130,
LCG17-131,
LCG17-132,
LCG17-133,
LCG17-134,
LCG17-135,
LCG17-136,
LCG17-137,
LCG17-138,
LCG17-139,
LCG17-140,
LCG17-141,
LCG17-142,
LCG17-143,
LCG17-144,
LCG17-145,
LCG17-146,
LCG17-147,
LCG17-148,
LCG17-149,
LCG17-150,
LCG17-151,
LCG17-152,
LCG17-153,
LCG17-154,
LCG17-155,
LCG18-001,
LCG18-002,
LCG18-003,
LCG18-004,
LCG18-005,
LCG18-006,
LCG18-007,
LCG18-008,
LCG18-009,
LCG18-010,
LCG18-011,
LCG18-012,
LCG18-013,
LCG18-014,
LCG18-015,
LCG18-016,
LCG18-017,
LCG18-018,
LCG18-019,
LCG18-020,
LCG18-021,
LCG18-022,
LCG18-023,
LCG18-024,
LCG18-025,
LCG18-026,
LCG18-027,
LCG18-028,
LCG18-029,
LCG18-030,
LCG18-031,
LCG18-032,
LCG18-033,
LCG18-034,
LCG18-035,
LCG18-036,
LCG18-037,
LCG18-038,
LCG18-039,
LCG18-040,
LCG18-041,
LCG18-042,
LCG18-043,
LCG18-044,
LCG18-045,
LCG18-046,
LCG18-047,
LCG18-048,
LCG18-049,
LCG18-050,
LCG18-051,
LCG18-052,
LCG18-053,
LCG18-054,
LCG18-055,
LCG18-056,
LCG18-057,
LCG18-058,
LCG18-059,
LCG18-060,
LCG18-061,
LCG18-062,
LCG18-063,
LCG18-064,
LCG18-065,
LCG18-066,
LCG18-067,
LCG18-068,
LCG18-069,
LCG18-070,
LCG18-071,
LCG18-072,
LCG18-073,
LCG18-074,
LCG18-075,
LCG18-076,
LCG18-077,
LCG18-078,
LCG18-079,
LCG18-080,
LCG18-081,
LCG18-082,
LCG18-083,
LCG18-084,
LCG18-085,
LCG18-086,
LCG18-087,
LCG18-088,
LCG18-089,
LCG18-090,
LCG18-091,
LCG18-092,
LCG18-093,
LCG18-094,
LCG18-095,
LCG18-096,
LCG18-097,
LCG18-098,
LCG18-099,
LCG18-100,
LCG18-101,
LCG18-102,
LCG18-103,
LCG18-104,
LCG18-105,
LCG18-106,
LCG18-107,
LCG18-108,
LCG18-109,
LCG18-110,
LCG18-111,
LCG18-112,
LCG18-113,
LCG18-114,
LCG18-115,
LCG18-116,
LCG18-117,
LCG18-118,
LCG18-119,
LCG18-120,
LCG18-121,
LCG18-122,
LCG18-123,
LCG18-124,
LCG18-125,
LCG18-126,
LCG18-127,
LCG18-128,
LCG18-129,
LCG18-130,
LCG18-131,
LCG18-132,
LCG18-133,
LCG18-134,
LCG18-135,
LCG18-136,
LCG18-137,
LCG18-138,
LCG18-139,
LCG18-140,
LCG18-141,
LCG18-142,
LCG18-143,
LCG18-144,
LCG18-145,
LCG18-146,
LCG18-147,
LCG18-148,
LCG18-149,
LCG18-150,
LCG18-151,
LCG18-152,
LCG18-153,
LCG18-154,
LCG18-155,
LCG18-156,
LCG18-157,
LCG18-158,
LCG18-159,
LCG18-160,
LCG18-161,
LCG18-162,
LCG18-163,
LCG18-164,
LCG18-165,
LCG18-166,
LCG18-167,
LCG18-168,
LCG18-169,
LCG18-170,
LCG18-171,
LCG18-172,INDONESIA
LCG18-173,
LCG18-174,
LCG18-175,
LCG18-176,
LCG18-177,
LCG18-178,
LCG18-179,
LCG18-180,
LCG18-181,DONG THAP
LCG18-182,
LCG18-183,
LCG18-184,VUNG TAU
LCG18-185,NHAT LINH - HA NOI
LCG18-186,HAI DUONG PROVINCE
LCG18-187,PHU THO PROVINCE & HA NOI
LCG18-188,
LCG18-189,
LCG18-190,
LCG18-191,HOC CHI MINH CITY
LCG18-192,
LCG18-193,
LCG18-194,DONG NAI
LCG18-195,
LCG18-196,
LCG18-197,DONG THAP
LCG18-198,"AN BINH COMPANY, BINH DUONG PROVINCE"
LCG18-199,"AN BINH COMPANY, BINH DUONG PROVINCE"
LCG18-200,HA NOI
LCG18-201,DONG THAP PROVINCE
LCG18-202,HUNG YEN
LCG18-203,HAI DUONG PROVINCE
LCG18-204,HA NOI
LCG18-205,Binh Duong - Vietnam
LCG18-206,Binh Duong - Vietnam
LCG18-207,HA NOI
LCG18-208,HA NOI
LCG18-209,RANG DONG - HANOI
LCG18-210,CAT LAI
LCG18-211,DONG THAP
LCG18-212,HA NOI
LCG18-213,"AN BINH COMPANY, BINH DUONG PROVINCE"
LCG18-214,"CAT LAI PORT, HCMC"
LCG18-215,HAI DUONG PROVINCE
LCG18-216,HA NOI
LCG18-217,Y MY -  DONG NAI
LCG18-218,PHU THO PROVINCE & HA NOI
LCG18-219,HO CHI MINH CITY
LCG18-220,THANH HOA PROVINCE
LCG18-221,HOCHIMINH CITY
LCG18-222,BINH DUONG
LCG18-223,DONG NAI
LCG18-224,BINH DUONG PROVINCE
LCG18-225,BINH DUONG PROVINCE
LCG18-226,HA NOI
LCG18-227,HA NOI
LCG18-228,BINH DUONG
LCG18-229,BINH DUONG
LCG18-230,DONG NAI & HCM
LCG18-231,"PHU XUYEN, HA NOI"
LCG18-232,LONG AN
LCG18-233,LONG AN
LCG18-234,HUNG YEN
LCG18-235,"PHU XUYEN, HA NOI"
LCG18-236,"PHU XUYEN, HA NOI"
LCG18-237,"LONG BIEN, HA NOI"
LCG18-238,BAC NINH
LCG18-239,NOTHERN PROVINCES
LCG18-240,HA NOI
LCG18-241,BINH DUONG
LCG18-242,BINH DUONG
LCG18-243,LONG AN
LCG18-244,PHU THO PROVINCE & HA NOI
LCG18-245,"PHU XUYEN, HA NOI"
LCG18-246,"PHU XUYEN, HA NOI"
LCG18-247,THANH HOA PROVINCE
LCG18-248,HUNG  YEN PROVINCE
LCG18-249,HA NOI
LCG18-250,CAT LAI
LCG18-251,BINH DUONG
LCG18-252,BINH DUONG
LCG18-253,"PHU XUYEN, HA NOI"
LCG18-254,BAC NINH PROVINCE
LCG18-255,BINH DUONG
LCG18-256,BINH DUONG
LCG18-257,BINH DUONG
LCG18-258,THANH HOA PROVINCE
LCG18-259,"PHU XUYEN, HA NOI"
LCG18-260,NOTHERN PROVINCES
LCG18-261,HA NOI
LCG18-262,"AN BINH COMPANY, BINH DUONG PROVINCE"
LCG18-263,BINH DUONG
LCG18-264,THANH HOA PROVINCE
LCG19-001,BINH DUONG
LCG19-002,"AN BINH COMPANY, BINH DUONG PROVINCE"
LCG19-003,DONG NAI
LCG19-004,DONG NAI
LCG19-005,HA NOI
LCG19-006,DONG NAI
LCG19-007,HUNG YEN PROVINCE
LCG19-008,LONG AN
LCG19-009,HA NOI
LCG19-010,AN GIANG
LCG19-011,Hưng Yên
LCG19-012,Hưng Yên
LCG19-013,DONG NAI
LCG19-014,BAC GIANG
LCG19-015,BAC GIANG
LCG19-017,BAC GIANG
LCG19-018,HA NOI
LCG19-019,THANH HOA PROVINCE
LCG19-020,Cát Lái
LCG19-021,THANH HOA PROVINCE
LCG19-022,THANH HOA PROVINCE
LCG19-023,Hưng Yên & Bắc Giang
LCG19-024,HA NOI
LCG19-025,THANH HOA PROVINCE
LCG19-026,Cát Lái
LCG19-027,BAC GIANG & HA NOI
LCG19-028,HA NOI
LCG19-029,CAT LAI
LCG19-030,CAT LAI
LCG19-031,HA NOI
LCG19-032,CAT LAI
LCG19-033,VIETNAM
LCG19-034,"HANOI, VIETNAM"
LCG19-035,CAT LAI
LCG19-036,HANOI
LCG19-037,VIETNAM
LCG19-038,VN
LCG19-039,"AN GIANG, VN"
LCG19-040,"DISTRICT9, HCMC, VIETNAM"
LCG19-041,CAT LAI
LCG19-042,VN
LCG19-043,HN
LCG19-044,VN
LCG19-045,CAT LAI
LCG19-046,HUNG YEN
LCG19-047,VN
LCG19-047B,HANOI
LCG19-048,
LCG19-049,BAC NINH
LCG20-001,ip: VN
LCG20-002,"DONG NAI, VN"
LCG20-003,VN
LCG20-004,VN
LCG20-005,DONG NAI
LCG20-006,VN
LCG20-007,VN
LCG20-008,VN
LCG20-009,THAILAND
LCG20-010,VICO CO. LTD - HAI PHONG CITY
LCG20-011,VICO CO. LTD - HAI PHONG CITY
LCG20-012,VN
LCG20-013,VN
LCG20-014,VN
LCG20-015,HUNG YEN
LCG20-016,HA NOI
LCG20-017,"HUNG YEN, VN"
LCG20-018,"HUNG YEN, VN"
LCG20-019,HAI PHONG
LCG20-020,VN
LCG20-021,BAC NINH
LCG20-022,HAI PHONG
LCG20-023,HUNG  YEN PROVINCE
LCG20-024,BINH DUONG
LCG20-025,HA NOI
LCG20-026,HAI DUONG PROVINCE & VINH PHUC
LCG20-027,IP: HAI PHONG
LCG20-028,IP: HUNG YEN
LCG20-029,IP: HA NOI
LCG20-030,HUNG  YEN PROVINCE
LCG20-031,HAI PHONG
LCG20-032,IP: HUNG YEN
LCG20-033,"IP: HAI DUONG, VINH PHUC"
LCG20-034,IP: HUNG YEN
LCG20-035,IP: HA NOI
LCG20-036,HUNG  YEN PROVINCE
LCG20-037,HAI PHONG
LCG20-038,BINH DUONG
LCG20-039,HUNG  YEN PROVINCE
LCG20-040,
LCG20-041,HAI DUONG PROVINCE
LCG20-042,IP: HUNG YEN
LCG20-043,HAI PHONG
LCG20-044,HUNG  YEN PROVINCE
LCG20-045,HAI PHONG
LCG20-046,HAI PHONG
LCG20-047,"IP: HAI DUONG, VINH PHUC"
LCG20-048,IP: BAC NINH
LCG20-049,
LCG20-050,HUNG  YEN PROVINCE
LCG20-051,HAI PHONG
LCG20-052,IP: HUNG YEN
LCG20-053,HAI PHONG
LCG20-054,HAI DUONG PROVINCE
LCG20-055,
LCG20-056,"BEN TRE PROVINCE, TIEN GIANG"
LCG20-057,
LCG20-058,BINH DUONG
LCG20-059,BINH DUONG
LCG20-060,HANOI
LCG20-061,Da Nang
LCG20-062,
LCG20-063,
LCG20-064,BEN TRE PROVINCE
LCG21-001,HA NOI
LCG21-002,HAI DUONG VINH PHUC
LCG21-003,HUNG  YEN PROVINCE
LCG21-004,BINH DUONG
LCG21-005,BEN TRE PROVINCE
LCG21-006,DA NANG
LCG21-007,
LCG21-008,BEN TRE PROVINCE
LCG21-009,DA NANG
LCG21-010,BINH DUONG
LCG21-011,HAI DUONG PROVINCE
LCG21-012,HAI PHONG
LCG21-013,
LCG21-014,
LCG21-015,
LCG21-016,
LCG21-017,HA NOI
LCG21-018,
LCG21-019,
LCG21-020,
LCG21-021,
LCG21-022,
LCG21-023,
LCG21-024,
LCG21-025,
LCG21-026,
LCG21-027,
LCG21-028,
LCG21-029,
LCG21-030,
LCG21-031,
LCG21-032,
LCG21-033,
LCG21-034,
LCG21-035,
LCG21-036,
LCG21-037,
LCG21-038,
LCG21-039,
LCG21-040,
LCG21-041,
LCG21-042,
LCG21-043,
LCG21-044,
LCG21-045,
LCG21-046,
LCG21-047,
LCG21-048,
LCG21-049,
LCG21-050,
LCG21-051,
LCG21-052,
LCG21-053,
LCG21-054,
LCG21-055,
LCG21-056,
LCG21-057,
LCG21-058,
LCG21-059,
LCG21-060,
LCG21-061,
LCG21-062,
LCG21-063,
LCG21-064,
LCG21-065,
LCG21-066,
LCG21-067,
LCG21-068,
LCG21-069,
LCG21-069B,
LCG21-069C,
LCG21-070,
LCG21-071,
LCG21-072,
LCG21-073,
LCG21-074,
LCG21-075,
LCG21-076,
LCG21-077,
LCG21-078,
LCG21-079,
LCG21-080,
LCG21-081,
LCG21-082,
LCG21-083,
LCG21-084,
LCG21-085,
LCG21-086,
LCG21-087,
LCG21-088,
LCG21-089,
LCG21-090,
LCG21-091,
LCG21-092,
LCG21-093,
LCG21-094,
LCG21-095,
LCG21-096,
LCG21-097,
LCG21-098,
LCG21-099,
LCG21-100,
LCG21-101,
LCG21-102,
LCG21-103,
LCG21-104,
LCG21-105,
LCG21-106,
LCG21-107,
LCG21-108,
LCG21-109,
LCG21-110,
LCG21-111,
LCG21-112,
LCG21-113,
LCG21-114,
LCG21-115,
LCG21-116,
LCG21-117,
LCG21-118,
LCG21-119,
LCG21-120,
LCG21-121,
LCG21-122,
LCG21-123,
LCG21-124,
LCG21-125,
LCG21-126,
LCG21-127,
LCG21-128,
LCG21-129,
LCG21-130,
LCG21-131,
LCG21-132,
LCG21-133,
LCG21-134,
LCG21-135,
LCG21-136,
LCG21-137,
LCG21-138,
LCG21-139,
LCG21-140,
LCG21-141,
LCG21-142,
LCG21-143,
LCG21-144,
LCG21-145,
LCG21-146,
LCG21-147,
LCG21-148,
LCG21-149,
LCG21-150,
LCG21-151,
LCG21-152,
LCG21-153,
LCG21-154,
LCG21-155,
LCG21-156,
LCG21-157,
LCG21-158,
LCG21-159,
LCG21-160,
LCG21-161,
LCG21-162,
LCG21-163,
LCG21-164,
LCG21-165,
LCG21-166,
LCG21-167,
LCG21-168,
LCG21-169,
LCG21-171,
LCG22-001,
LCG22-002,
LCG22-003,
LCG22-004,
LCG22-005,
LCG22-006,
LCG22-007,
LCG22-008,
LCG22-009,
LCG22-010,
LCG22-011,
LCG22-012,
LCG22-013,
LCG22-014,
LCG22-015,
LCG22-016,
LCG22-017,HA NAM PROVINCE
LCG22-018,
LCG22-019,
LCG22-020,
LCG22-021,
LCG22-022,
LCG22-023,
LCG22-024,
LCG22-025,
LCG22-026,
LCG22-027,
LCG22-028,
LCG22-029,
LCG22-030,
LCG22-031,
LCG22-032,
LCG22-033,
LCG22-034,
LCG22-035,BAC NINH
LCG22-036,
LCG22-037,
LCG22-038,
LCG22-039,
LCG22-040,
LCG22-041,THAI BINH CITY
LCG22-042,HUNG  YEN PROVINCE
LCG22-043,
LCG22-044,DA NANG
LCG22-045,HAI PHONG
LCG22-046,HCM
LCG22-047,DONG NAI
LCG22-048,
LCG22-049,HCM
LCG22-050,HAI PHONG
LCG22-051,BINH DUONG
LCG22-052,HAI PHONG
LCG22-053,HCMC
LCG22-054,NHAT LINH - HA NOI
LCG22-055,HA NOI
LCG22-056,THAILAND
LCG22-057,THAILAND
LCG23-001,PHU THO PROVINCE
LCG23-002,HUNG  YEN PROVINCE
LCG23-003,HCM
LCG23-004,PHU HU PORT
LCG23-005,HA NOI
LCG23-006,LONG AN
LCG23-007,
LCG23-009,DANG NANG CITY
LCG23-010,BAC NINH
LCG24-001,
LCG24-002,
LCG24-003,
LCG24-004,
LCG24-005,
LCG24-006,
LCG24-007,
LCG24-008,
LCG24-009,
LCG24-010,
LCG25-001,
LCG25-002,
LCG25-003,
